{
  "version": 1,
  "author": "Anonymous maker",
  "editor": "wokwi",
  "parts": [
    {
      "type": "wokwi-lcd1602",
      "id": "lcd1",
      "top": -89.6,
      "left": 92,
      "attrs": { "pins": "i2c" }
    },
    {
      "type": "wokwi-ds1307",
      "id": "rtc1",
      "top": 142.2,
      "left": -386.1,
      "rotate": 180,
      "attrs": {}
    },
    { "type": "wokwi-esp32-devkit-v1", "id": "esp1", "top": -24.1, "left": -139.4, "attrs": {} },
    {
      "type": "wokwi-led",
      "id": "led1",
      "top": 15.6,
      "left": -207.4,
      "attrs": { "color": "red" }
    },
    {
      "type": "wokwi-buzzer",
      "id": "bz1",
      "top": -16.8,
      "left": -334.2,
      "attrs": { "volume": "0.1" }
    }
  ],
  "connections": [
    [ "rtc1:SDA", "esp1:D21", "green", [ "h307.2", "v-134.1" ] ],
    [ "rtc1:5V", "esp1:VIN", "red", [ "h124.8", "v-66.8" ] ],
    [ "rtc1:GND", "esp1:GND.2", "black", [ "h115.2", "v-86.4" ] ],
    [ "rtc1:SCL", "esp1:D22", "blue", [ "h297.6", "v-9.4" ] ],
    [ "lcd1:GND", "esp1:GND.2", "black", [ "h-336", "v-9.6" ] ],
    [ "lcd1:VCC", "esp1:VIN", "red", [ "h-326.4", "v182.5", "h9.6" ] ],
    [ "lcd1:SDA", "esp1:D21", "purple", [ "h-38.4", "v77" ] ],
    [ "lcd1:SCL", "esp1:D22", "violet", [ "h-48", "v0.3" ] ],
    [ "bz1:2", "esp1:D27", "green", [ "v0" ] ],
    [ "bz1:1", "esp1:GND.2", "green", [ "v0" ] ],
    [ "led1:A", "esp1:D26", "green", [ "v0" ] ],
    [ "led1:C", "esp1:GND.2", "green", [ "v0" ] ]
  ],
  "dependencies": {}
}